{"cameraMode":{"drawMode":0,"name":"Shaded","section":"Shading Mode"},"sceneLighting":true,"audioPlay":false,"sceneViewState":{"m_AlwaysRefresh":false,"showFog":true,"showSkybox":true,"showFlares":true,"showImageEffects":true,"showParticleSystems":true,"showVisualEffectGraphs":true,"m_FxEnabled":true},"in2DMode":false,"pivot":{"x":4.836315155029297,"y":2.274974822998047,"z":0.39885181188583376},"rotation":{"x":-0.07331093400716782,"y":0.8019212484359741,"z":-0.10060945153236389,"w":-0.5843225121498108},"size":0.6346276998519898,"orthographic":false}